text,label
Preference for candidates from Harvard or similar top-tier institutions.,1
We are looking for a proficient individual to contribute to our projects.,0
Seeking a women professional for our collaborative team.,1
Preference for candidates from Caltech or similar top-tier institutions.,1
We are looking for a qualified individual to contribute to our projects.,0
Preference for candidates from MIT or similar top-tier institutions.,1
We are looking for a skilled individual to contribute to our projects.,0
Seeking a woman professional for our collaborative team.,1
Seeking a hers professional for our collaborative team.,1
Looking for an men team member to join our engineering group.,1
We are looking for a they individual to contribute to our projects.,0
Degree from Technical Institute or equivalent practical experience required.,0
We are looking for a candidate individual to contribute to our projects.,0
We are looking for a organized individual to contribute to our projects.,0
Degree from City College or equivalent practical experience required.,0
Looking for an his team member to join our engineering group.,1
We are looking for a organized individual to contribute to our projects.,0
We are looking for a dedicated individual to contribute to our projects.,0
Degree from State University or equivalent practical experience required.,0
Preference for candidates from Stanford or similar top-tier institutions.,1
We are looking for a professional individual to contribute to our projects.,0
Degree from Technical Institute or equivalent practical experience required.,0
Degree from Regional University or equivalent practical experience required.,0
We are looking for a person individual to contribute to our projects.,0
Preference for candidates from Stanford or similar top-tier institutions.,1
Looking for an man team member to join our engineering group.,1
Seeking a compassionate professional for our collaborative team.,1
Looking for an he team member to join our engineering group.,1
Seeking a hers professional for our collaborative team.,1
We are looking for a capable individual to contribute to our projects.,0
Looking for an him team member to join our engineering group.,1
Preference for candidates from Oxford or similar top-tier institutions.,1
Looking for an men team member to join our engineering group.,1
Seeking a woman professional for our collaborative team.,1
Preference for candidates from Caltech or similar top-tier institutions.,1
We are looking for a detail-oriented individual to contribute to our projects.,0
Looking for an man team member to join our engineering group.,1
Preference for candidates from Harvard or similar top-tier institutions.,1
Seeking a hers professional for our collaborative team.,1
Degree from Regional University or equivalent practical experience required.,0
Looking for an alpha team member to join our engineering group.,1
We are looking for a qualified individual to contribute to our projects.,0
We are looking for a professional individual to contribute to our projects.,0
Seeking a women professional for our collaborative team.,1
Looking for an rockstar team member to join our engineering group.,1
We are looking for a proficient individual to contribute to our projects.,0
Degree from Technical Institute or equivalent practical experience required.,0
Preference for candidates from Cambridge or similar top-tier institutions.,1
Degree from State University or equivalent practical experience required.,0
Looking for an assertive team member to join our engineering group.,1
Preference for candidates from Yale or similar top-tier institutions.,1
We are looking for a detail-oriented individual to contribute to our projects.,0
We are looking for a their individual to contribute to our projects.,0
We are looking for a candidate individual to contribute to our projects.,0
Seeking a hers professional for our collaborative team.,1
Degree from Regional University or equivalent practical experience required.,0
Degree from City College or equivalent practical experience required.,0
We are looking for a creative individual to contribute to our projects.,0
Degree from State University or equivalent practical experience required.,0
We are looking for a professional individual to contribute to our projects.,0
Looking for an competitive team member to join our engineering group.,1
We are looking for a professional individual to contribute to our projects.,0
Seeking a woman professional for our collaborative team.,1
Preference for candidates from Harvard or similar top-tier institutions.,1
Looking for an ninja team member to join our engineering group.,1
Degree from City College or equivalent practical experience required.,0
We are looking for a experienced individual to contribute to our projects.,0
Looking for an dominant team member to join our engineering group.,1
We are looking for a detail-oriented individual to contribute to our projects.,0
Seeking a woman professional for our collaborative team.,1
Degree from Regional University or equivalent practical experience required.,0
Seeking a women professional for our collaborative team.,1
Degree from State University or equivalent practical experience required.,0
We are looking for a experienced individual to contribute to our projects.,0
Degree from State University or equivalent practical experience required.,0
Seeking a supportive professional for our collaborative team.,1
We are looking for a experienced individual to contribute to our projects.,0
We are looking for a dedicated individual to contribute to our projects.,0
Seeking a compassionate professional for our collaborative team.,1
Preference for candidates from Princeton or similar top-tier institutions.,1
We are looking for a candidate individual to contribute to our projects.,0
We are looking for a professional individual to contribute to our projects.,0
We are looking for a dedicated individual to contribute to our projects.,0
Seeking a her professional for our collaborative team.,1
Looking for an assertive team member to join our engineering group.,1
Degree from State University or equivalent practical experience required.,0
Seeking a woman professional for our collaborative team.,1
Preference for candidates from Stanford or similar top-tier institutions.,1
Looking for an his team member to join our engineering group.,1
Preference for candidates from Yale or similar top-tier institutions.,1
Seeking a women professional for our collaborative team.,1
Degree from City College or equivalent practical experience required.,0
Preference for candidates from Oxford or similar top-tier institutions.,1
Degree from Regional University or equivalent practical experience required.,0
Looking for an him team member to join our engineering group.,1
Seeking a women professional for our collaborative team.,1
Looking for an rockstar team member to join our engineering group.,1
Degree from City College or equivalent practical experience required.,0
Preference for candidates from Harvard or similar top-tier institutions.,1
We are looking for a motivated individual to contribute to our projects.,0
We are looking for a experienced individual to contribute to our projects.,0
We are looking for a talented individual to contribute to our projects.,0
Preference for candidates from Princeton or similar top-tier institutions.,1
We are looking for a their individual to contribute to our projects.,0
Preference for candidates from Princeton or similar top-tier institutions.,1
We are looking for a motivated individual to contribute to our projects.,0
We are looking for a person individual to contribute to our projects.,0
Degree from Technical Institute or equivalent practical experience required.,0
We are looking for a them individual to contribute to our projects.,0
We are looking for a person individual to contribute to our projects.,0
Seeking a supportive professional for our collaborative team.,1
Seeking a hers professional for our collaborative team.,1
We are looking for a motivated individual to contribute to our projects.,0
We are looking for a capable individual to contribute to our projects.,0
Preference for candidates from Princeton or similar top-tier institutions.,1
We are looking for a their individual to contribute to our projects.,0
We are looking for a analytical individual to contribute to our projects.,0
Looking for an him team member to join our engineering group.,1
We are looking for a qualified individual to contribute to our projects.,0
Preference for candidates from Princeton or similar top-tier institutions.,1
We are looking for a individual individual to contribute to our projects.,0
We are looking for a dedicated individual to contribute to our projects.,0
We are looking for a experienced individual to contribute to our projects.,0
Preference for candidates from Cambridge or similar top-tier institutions.,1
Looking for an he team member to join our engineering group.,1
Looking for an warrior team member to join our engineering group.,1
We are looking for a skilled individual to contribute to our projects.,0
Preference for candidates from Yale or similar top-tier institutions.,1
We are looking for a qualified individual to contribute to our projects.,0
We are looking for a capable individual to contribute to our projects.,0
We are looking for a detail-oriented individual to contribute to our projects.,0
Preference for candidates from Stanford or similar top-tier institutions.,1
We are looking for a person individual to contribute to our projects.,0
We are looking for a detail-oriented individual to contribute to our projects.,0
Looking for an warrior team member to join our engineering group.,1
Seeking a her professional for our collaborative team.,1
Preference for candidates from Oxford or similar top-tier institutions.,1
Preference for candidates from Harvard or similar top-tier institutions.,1
Degree from Technical Institute or equivalent practical experience required.,0
Looking for an rockstar team member to join our engineering group.,1
We are looking for a talented individual to contribute to our projects.,0
Degree from Technical Institute or equivalent practical experience required.,0
Degree from Technical Institute or equivalent practical experience required.,0
Degree from Technical Institute or equivalent practical experience required.,0
We are looking for a individual individual to contribute to our projects.,0
Looking for an competitive team member to join our engineering group.,1
Degree from City College or equivalent practical experience required.,0
We are looking for a talented individual to contribute to our projects.,0
We are looking for a dedicated individual to contribute to our projects.,0
We are looking for a creative individual to contribute to our projects.,0
Preference for candidates from Stanford or similar top-tier institutions.,1
We are looking for a them individual to contribute to our projects.,0
Seeking a hers professional for our collaborative team.,1
Looking for an warrior team member to join our engineering group.,1
Preference for candidates from Stanford or similar top-tier institutions.,1
Looking for an rockstar team member to join our engineering group.,1
Preference for candidates from Harvard or similar top-tier institutions.,1
Looking for an warrior team member to join our engineering group.,1
Preference for candidates from Princeton or similar top-tier institutions.,1
Preference for candidates from Caltech or similar top-tier institutions.,1
Looking for an rockstar team member to join our engineering group.,1
Seeking a hers professional for our collaborative team.,1
Degree from Technical Institute or equivalent practical experience required.,0
Degree from Technical Institute or equivalent practical experience required.,0
We are looking for a motivated individual to contribute to our projects.,0
Seeking a woman professional for our collaborative team.,1
Degree from City College or equivalent practical experience required.,0
We are looking for a their individual to contribute to our projects.,0
Seeking a hers professional for our collaborative team.,1
Preference for candidates from Oxford or similar top-tier institutions.,1
Degree from Technical Institute or equivalent practical experience required.,0
We are looking for a organized individual to contribute to our projects.,0
We are looking for a proficient individual to contribute to our projects.,0
Seeking a she professional for our collaborative team.,1
We are looking for a dedicated individual to contribute to our projects.,0
We are looking for a capable individual to contribute to our projects.,0
Looking for an warrior team member to join our engineering group.,1
We are looking for a qualified individual to contribute to our projects.,0
Seeking a women professional for our collaborative team.,1
Seeking a women professional for our collaborative team.,1
Looking for an men team member to join our engineering group.,1
We are looking for a analytical individual to contribute to our projects.,0
Looking for an assertive team member to join our engineering group.,1
Seeking a woman professional for our collaborative team.,1
Seeking a her professional for our collaborative team.,1
Degree from Technical Institute or equivalent practical experience required.,0
Looking for an competitive team member to join our engineering group.,1
Preference for candidates from Cambridge or similar top-tier institutions.,1
Preference for candidates from MIT or similar top-tier institutions.,1
Seeking a she professional for our collaborative team.,1
Looking for an him team member to join our engineering group.,1
Looking for an guru team member to join our engineering group.,1
We are looking for a analytical individual to contribute to our projects.,0
Seeking a her professional for our collaborative team.,1
Looking for an aggressive team member to join our engineering group.,1
Preference for candidates from Cambridge or similar top-tier institutions.,1
Looking for an rockstar team member to join our engineering group.,1
Preference for candidates from MIT or similar top-tier institutions.,1
Looking for an him team member to join our engineering group.,1
We are looking for a qualified individual to contribute to our projects.,0
Looking for an him team member to join our engineering group.,1
We are looking for a person individual to contribute to our projects.,0
Looking for an rockstar team member to join our engineering group.,1
Degree from State University or equivalent practical experience required.,0
Preference for candidates from Yale or similar top-tier institutions.,1
Looking for an warrior team member to join our engineering group.,1
We are looking for a dedicated individual to contribute to our projects.,0
Seeking a nurturing professional for our collaborative team.,1
Degree from Technical Institute or equivalent practical experience required.,0
Seeking a women professional for our collaborative team.,1
Seeking a nurturing professional for our collaborative team.,1
Degree from City College or equivalent practical experience required.,0
Seeking a hers professional for our collaborative team.,1
We are looking for a candidate individual to contribute to our projects.,0
Looking for an alpha team member to join our engineering group.,1
We are looking for a they individual to contribute to our projects.,0
We are looking for a analytical individual to contribute to our projects.,0
Looking for an men team member to join our engineering group.,1
Preference for candidates from Princeton or similar top-tier institutions.,1
We are looking for a person individual to contribute to our projects.,0
Degree from City College or equivalent practical experience required.,0
We are looking for a talented individual to contribute to our projects.,0
Preference for candidates from MIT or similar top-tier institutions.,1
Preference for candidates from MIT or similar top-tier institutions.,1
Seeking a she professional for our collaborative team.,1
Preference for candidates from Cambridge or similar top-tier institutions.,1
We are looking for a their individual to contribute to our projects.,0
We are looking for a organized individual to contribute to our projects.,0
We are looking for a candidate individual to contribute to our projects.,0
Preference for candidates from Cambridge or similar top-tier institutions.,1
Preference for candidates from Cambridge or similar top-tier institutions.,1
Seeking a nurturing professional for our collaborative team.,1
We are looking for a skilled individual to contribute to our projects.,0
We are looking for a professional individual to contribute to our projects.,0
Seeking a nurturing professional for our collaborative team.,1
Degree from Technical Institute or equivalent practical experience required.,0
Degree from State University or equivalent practical experience required.,0
We are looking for a skilled individual to contribute to our projects.,0
We are looking for a candidate individual to contribute to our projects.,0
We are looking for a dedicated individual to contribute to our projects.,0
Degree from Technical Institute or equivalent practical experience required.,0
We are looking for a them individual to contribute to our projects.,0
Preference for candidates from Harvard or similar top-tier institutions.,1
Looking for an men team member to join our engineering group.,1
Looking for an assertive team member to join our engineering group.,1
We are looking for a skilled individual to contribute to our projects.,0
Degree from Regional University or equivalent practical experience required.,0
Looking for an warrior team member to join our engineering group.,1
We are looking for a they individual to contribute to our projects.,0
We are looking for a detail-oriented individual to contribute to our projects.,0
Seeking a her professional for our collaborative team.,1
Looking for an men team member to join our engineering group.,1
We are looking for a creative individual to contribute to our projects.,0
Looking for an man team member to join our engineering group.,1
We are looking for a person individual to contribute to our projects.,0
Seeking a women professional for our collaborative team.,1
Preference for candidates from Yale or similar top-tier institutions.,1
We are looking for a qualified individual to contribute to our projects.,0
We are looking for a qualified individual to contribute to our projects.,0
Looking for an competitive team member to join our engineering group.,1
We are looking for a proficient individual to contribute to our projects.,0
Looking for an warrior team member to join our engineering group.,1
Seeking a she professional for our collaborative team.,1
Seeking a collaborative professional for our collaborative team.,1
We are looking for a capable individual to contribute to our projects.,0
We are looking for a organized individual to contribute to our projects.,0
We are looking for a capable individual to contribute to our projects.,0
Preference for candidates from Oxford or similar top-tier institutions.,1
We are looking for a experienced individual to contribute to our projects.,0
Preference for candidates from Oxford or similar top-tier institutions.,1
Preference for candidates from Caltech or similar top-tier institutions.,1
Preference for candidates from Harvard or similar top-tier institutions.,1
We are looking for a detail-oriented individual to contribute to our projects.,0
Looking for an guru team member to join our engineering group.,1
We are looking for a candidate individual to contribute to our projects.,0
Preference for candidates from Yale or similar top-tier institutions.,1
Preference for candidates from Harvard or similar top-tier institutions.,1
We are looking for a detail-oriented individual to contribute to our projects.,0
We are looking for a individual individual to contribute to our projects.,0
Seeking a compassionate professional for our collaborative team.,1
Looking for an dominant team member to join our engineering group.,1
We are looking for a dedicated individual to contribute to our projects.,0
Looking for an him team member to join our engineering group.,1
Seeking a her professional for our collaborative team.,1
Preference for candidates from Caltech or similar top-tier institutions.,1
Seeking a collaborative professional for our collaborative team.,1
Degree from City College or equivalent practical experience required.,0
Seeking a woman professional for our collaborative team.,1
Seeking a supportive professional for our collaborative team.,1
Seeking a collaborative professional for our collaborative team.,1
Preference for candidates from MIT or similar top-tier institutions.,1
Looking for an him team member to join our engineering group.,1
Preference for candidates from Oxford or similar top-tier institutions.,1
Looking for an aggressive team member to join our engineering group.,1
We are looking for a experienced individual to contribute to our projects.,0
Degree from Technical Institute or equivalent practical experience required.,0
Seeking a hers professional for our collaborative team.,1
Seeking a collaborative professional for our collaborative team.,1
Preference for candidates from Oxford or similar top-tier institutions.,1
We are looking for a dedicated individual to contribute to our projects.,0
Degree from State University or equivalent practical experience required.,0
Degree from City College or equivalent practical experience required.,0
Looking for an warrior team member to join our engineering group.,1
We are looking for a proficient individual to contribute to our projects.,0
We are looking for a creative individual to contribute to our projects.,0
We are looking for a motivated individual to contribute to our projects.,0
We are looking for a talented individual to contribute to our projects.,0
Preference for candidates from Caltech or similar top-tier institutions.,1
We are looking for a candidate individual to contribute to our projects.,0
Looking for an him team member to join our engineering group.,1
Looking for an ninja team member to join our engineering group.,1
We are looking for a individual individual to contribute to our projects.,0
We are looking for a them individual to contribute to our projects.,0
Degree from City College or equivalent practical experience required.,0
Looking for an warrior team member to join our engineering group.,1
Preference for candidates from Harvard or similar top-tier institutions.,1
We are looking for a qualified individual to contribute to our projects.,0
We are looking for a motivated individual to contribute to our projects.,0
Looking for an man team member to join our engineering group.,1
We are looking for a experienced individual to contribute to our projects.,0
Preference for candidates from Yale or similar top-tier institutions.,1
We are looking for a creative individual to contribute to our projects.,0
Looking for an he team member to join our engineering group.,1
Degree from Technical Institute or equivalent practical experience required.,0
We are looking for a their individual to contribute to our projects.,0
We are looking for a qualified individual to contribute to our projects.,0
Degree from Technical Institute or equivalent practical experience required.,0
Preference for candidates from Caltech or similar top-tier institutions.,1
Looking for an men team member to join our engineering group.,1
Seeking a compassionate professional for our collaborative team.,1
Degree from City College or equivalent practical experience required.,0
Degree from Regional University or equivalent practical experience required.,0
We are looking for a person individual to contribute to our projects.,0
Looking for an man team member to join our engineering group.,1
Looking for an dominant team member to join our engineering group.,1
Preference for candidates from MIT or similar top-tier institutions.,1
Looking for an assertive team member to join our engineering group.,1
We are looking for a qualified individual to contribute to our projects.,0
Preference for candidates from Harvard or similar top-tier institutions.,1
Looking for an competitive team member to join our engineering group.,1
Seeking a nurturing professional for our collaborative team.,1
Degree from City College or equivalent practical experience required.,0
Looking for an competitive team member to join our engineering group.,1
Degree from State University or equivalent practical experience required.,0
We are looking for a motivated individual to contribute to our projects.,0
Degree from State University or equivalent practical experience required.,0
Degree from Regional University or equivalent practical experience required.,0
Preference for candidates from Cambridge or similar top-tier institutions.,1
We are looking for a analytical individual to contribute to our projects.,0
We are looking for a individual individual to contribute to our projects.,0
We are looking for a proficient individual to contribute to our projects.,0
Looking for an men team member to join our engineering group.,1
Seeking a compassionate professional for our collaborative team.,1
We are looking for a person individual to contribute to our projects.,0
We are looking for a them individual to contribute to our projects.,0
Degree from City College or equivalent practical experience required.,0
Seeking a compassionate professional for our collaborative team.,1
We are looking for a they individual to contribute to our projects.,0
Looking for an aggressive team member to join our engineering group.,1
We are looking for a organized individual to contribute to our projects.,0
Seeking a woman professional for our collaborative team.,1
Seeking a woman professional for our collaborative team.,1
We are looking for a proficient individual to contribute to our projects.,0
Seeking a women professional for our collaborative team.,1
Preference for candidates from Caltech or similar top-tier institutions.,1
Looking for an rockstar team member to join our engineering group.,1
We are looking for a professional individual to contribute to our projects.,0
We are looking for a professional individual to contribute to our projects.,0
Preference for candidates from Oxford or similar top-tier institutions.,1
We are looking for a qualified individual to contribute to our projects.,0
We are looking for a experienced individual to contribute to our projects.,0
Looking for an assertive team member to join our engineering group.,1
Degree from Technical Institute or equivalent practical experience required.,0
Looking for an men team member to join our engineering group.,1
Degree from Regional University or equivalent practical experience required.,0
Degree from City College or equivalent practical experience required.,0
Looking for an maverick team member to join our engineering group.,1
Preference for candidates from Harvard or similar top-tier institutions.,1
Degree from Regional University or equivalent practical experience required.,0
Preference for candidates from Oxford or similar top-tier institutions.,1
Preference for candidates from Caltech or similar top-tier institutions.,1
Preference for candidates from Harvard or similar top-tier institutions.,1
Looking for an ninja team member to join our engineering group.,1
We are looking for a proficient individual to contribute to our projects.,0
Degree from Regional University or equivalent practical experience required.,0
We are looking for a talented individual to contribute to our projects.,0
We are looking for a proficient individual to contribute to our projects.,0
Degree from State University or equivalent practical experience required.,0
Looking for an aggressive team member to join our engineering group.,1
We are looking for a creative individual to contribute to our projects.,0
Preference for candidates from Cambridge or similar top-tier institutions.,1
Preference for candidates from Princeton or similar top-tier institutions.,1
Seeking a nurturing professional for our collaborative team.,1
We are looking for a capable individual to contribute to our projects.,0
Preference for candidates from Princeton or similar top-tier institutions.,1
Degree from Technical Institute or equivalent practical experience required.,0
Degree from State University or equivalent practical experience required.,0
Degree from City College or equivalent practical experience required.,0
Preference for candidates from Yale or similar top-tier institutions.,1
Preference for candidates from Caltech or similar top-tier institutions.,1
We are looking for a candidate individual to contribute to our projects.,0
Degree from Regional University or equivalent practical experience required.,0
Looking for an his team member to join our engineering group.,1
Preference for candidates from Caltech or similar top-tier institutions.,1
We are looking for a skilled individual to contribute to our projects.,0
Preference for candidates from Stanford or similar top-tier institutions.,1
Degree from State University or equivalent practical experience required.,0
Degree from Regional University or equivalent practical experience required.,0
Preference for candidates from Oxford or similar top-tier institutions.,1
We are looking for a person individual to contribute to our projects.,0
We are looking for a capable individual to contribute to our projects.,0
Preference for candidates from Harvard or similar top-tier institutions.,1
We are looking for a experienced individual to contribute to our projects.,0
Looking for an rockstar team member to join our engineering group.,1
We are looking for a qualified individual to contribute to our projects.,0
Degree from City College or equivalent practical experience required.,0
Preference for candidates from Oxford or similar top-tier institutions.,1
Looking for an rockstar team member to join our engineering group.,1
We are looking for a candidate individual to contribute to our projects.,0
We are looking for a they individual to contribute to our projects.,0
Looking for an he team member to join our engineering group.,1
We are looking for a analytical individual to contribute to our projects.,0
Seeking a woman professional for our collaborative team.,1
Looking for an dominant team member to join our engineering group.,1
Preference for candidates from Yale or similar top-tier institutions.,1
Degree from State University or equivalent practical experience required.,0
Preference for candidates from Harvard or similar top-tier institutions.,1
Looking for an men team member to join our engineering group.,1
Preference for candidates from MIT or similar top-tier institutions.,1
Seeking a woman professional for our collaborative team.,1
We are looking for a proficient individual to contribute to our projects.,0
Degree from City College or equivalent practical experience required.,0
Seeking a she professional for our collaborative team.,1
Degree from Technical Institute or equivalent practical experience required.,0
Seeking a she professional for our collaborative team.,1
We are looking for a creative individual to contribute to our projects.,0
We are looking for a candidate individual to contribute to our projects.,0
Preference for candidates from Stanford or similar top-tier institutions.,1
Preference for candidates from Oxford or similar top-tier institutions.,1
We are looking for a detail-oriented individual to contribute to our projects.,0
We are looking for a their individual to contribute to our projects.,0
We are looking for a professional individual to contribute to our projects.,0
Preference for candidates from Harvard or similar top-tier institutions.,1
We are looking for a proficient individual to contribute to our projects.,0
Degree from Technical Institute or equivalent practical experience required.,0
Degree from Regional University or equivalent practical experience required.,0
Degree from City College or equivalent practical experience required.,0
Preference for candidates from Oxford or similar top-tier institutions.,1
Preference for candidates from Stanford or similar top-tier institutions.,1
We are looking for a qualified individual to contribute to our projects.,0
Looking for an aggressive team member to join our engineering group.,1
Seeking a nurturing professional for our collaborative team.,1
Degree from Regional University or equivalent practical experience required.,0
We are looking for a proficient individual to contribute to our projects.,0
We are looking for a creative individual to contribute to our projects.,0
Preference for candidates from MIT or similar top-tier institutions.,1
Preference for candidates from MIT or similar top-tier institutions.,1
We are looking for a their individual to contribute to our projects.,0
Preference for candidates from Princeton or similar top-tier institutions.,1
Seeking a woman professional for our collaborative team.,1
Looking for an his team member to join our engineering group.,1
We are looking for a candidate individual to contribute to our projects.,0
Preference for candidates from Oxford or similar top-tier institutions.,1
Looking for an aggressive team member to join our engineering group.,1
Preference for candidates from Stanford or similar top-tier institutions.,1
Degree from Technical Institute or equivalent practical experience required.,0
Preference for candidates from MIT or similar top-tier institutions.,1
We are looking for a detail-oriented individual to contribute to our projects.,0
We are looking for a candidate individual to contribute to our projects.,0
Looking for an ninja team member to join our engineering group.,1
Looking for an aggressive team member to join our engineering group.,1
We are looking for a dedicated individual to contribute to our projects.,0
Looking for an maverick team member to join our engineering group.,1
We are looking for a person individual to contribute to our projects.,0
Looking for an him team member to join our engineering group.,1
Seeking a nurturing professional for our collaborative team.,1
Preference for candidates from Yale or similar top-tier institutions.,1
We are looking for a experienced individual to contribute to our projects.,0
We are looking for a capable individual to contribute to our projects.,0
Looking for an aggressive team member to join our engineering group.,1
We are looking for a talented individual to contribute to our projects.,0
We are looking for a dedicated individual to contribute to our projects.,0
Degree from Technical Institute or equivalent practical experience required.,0
Seeking a collaborative professional for our collaborative team.,1
Degree from City College or equivalent practical experience required.,0
Degree from City College or equivalent practical experience required.,0
Looking for an aggressive team member to join our engineering group.,1
Looking for an assertive team member to join our engineering group.,1
We are looking for a proficient individual to contribute to our projects.,0
Seeking a supportive professional for our collaborative team.,1
We are looking for a analytical individual to contribute to our projects.,0
We are looking for a analytical individual to contribute to our projects.,0
Looking for an dominant team member to join our engineering group.,1
Preference for candidates from Yale or similar top-tier institutions.,1
We are looking for a creative individual to contribute to our projects.,0
We are looking for a person individual to contribute to our projects.,0
Preference for candidates from Yale or similar top-tier institutions.,1
Looking for an competitive team member to join our engineering group.,1
Looking for an rockstar team member to join our engineering group.,1
Looking for an alpha team member to join our engineering group.,1
